{"cameraMode":{"drawMode":0,"name":"Shaded","section":"Shading Mode"},"sceneLighting":true,"audioPlay":false,"sceneViewState":{"showFog":true,"showMaterialUpdate":false,"showSkybox":true,"showFlares":true,"showImageEffects":true,"showParticleSystems":true},"in2DMode":false,"pivot":{"x":-276.2186584472656,"y":-100.57231903076172,"z":345.24053955078127},"rotation":{"x":-0.10570463538169861,"y":0.33465585112571719,"z":-0.037808388471603397,"w":-0.9356294870376587},"size":499.4848937988281,"orthographic":false}